{"cameraMode":{"drawMode":0,"name":"Shaded","section":"Shading Mode"},"sceneLighting":false,"audioPlay":false,"sceneViewState":{"m_AlwaysRefresh":false,"showFog":true,"showSkybox":false,"showFlares":true,"showImageEffects":true,"showParticleSystems":true,"showVisualEffectGraphs":true,"m_FxEnabled":true},"in2DMode":false,"pivot":{"x":-0.47486114501953127,"y":0.05688359588384628,"z":-0.4951080083847046},"rotation":{"x":0.0003519918827805668,"y":0.9930884838104248,"z":0.0029792741406708957,"w":-0.11733043193817139},"size":1.1551716327667237,"orthographic":false}