{"cameraMode":{"drawMode":0,"name":"Shaded","section":"Shading Mode"},"sceneLighting":false,"audioPlay":false,"sceneViewState":{"m_AlwaysRefresh":false,"showFog":true,"showSkybox":false,"showFlares":true,"showImageEffects":true,"showParticleSystems":true,"showVisualEffectGraphs":true,"m_FxEnabled":true},"in2DMode":false,"pivot":{"x":0.3248138129711151,"y":-0.16380873322486878,"z":-0.4002407193183899},"rotation":{"x":0.018042251467704774,"y":-0.965532124042511,"z":0.06963874399662018,"w":0.25015366077423098},"size":0.3607165515422821,"orthographic":false}