{"cameraMode":{"drawMode":0,"name":"Shaded","section":"Shading Mode"},"sceneLighting":false,"audioPlay":false,"sceneViewState":{"m_AlwaysRefresh":false,"showFog":true,"showSkybox":false,"showFlares":true,"showImageEffects":true,"showParticleSystems":true,"showVisualEffectGraphs":true,"m_FxEnabled":true},"in2DMode":false,"pivot":{"x":0.2814239263534546,"y":0.06999923288822174,"z":-0.24700012803077699},"rotation":{"x":-0.06224299967288971,"y":-0.15002787113189698,"z":-0.009464267641305924,"w":0.986675500869751},"size":0.187724769115448,"orthographic":false}