{"cameraMode":{"drawMode":0,"name":"Shaded","section":"Shading Mode"},"sceneLighting":false,"audioPlay":false,"sceneViewState":{"m_AlwaysRefresh":false,"showFog":true,"showSkybox":false,"showFlares":true,"showImageEffects":true,"showParticleSystems":true,"showVisualEffectGraphs":true,"m_FxEnabled":true},"in2DMode":false,"pivot":{"x":0.4568055272102356,"y":-0.15826024115085603,"z":-0.022975683212280275},"rotation":{"x":0.08287062495946884,"y":-0.1557040959596634,"z":0.013110036961734295,"w":0.9842336177825928},"size":0.3231671452522278,"orthographic":false}