{"cameraMode":{"drawMode":0,"name":"Shaded","section":"Shading Mode"},"sceneLighting":false,"audioPlay":false,"sceneViewState":{"m_AlwaysRefresh":false,"showFog":true,"showSkybox":false,"showFlares":true,"showImageEffects":true,"showParticleSystems":true,"showVisualEffectGraphs":true,"m_FxEnabled":true},"in2DMode":false,"pivot":{"x":0.07599999755620957,"y":0.38222724199295046,"z":-1.4400171041488648},"rotation":{"x":0.3576279282569885,"y":-0.5265934467315674,"z":0.25926581025123598,"w":0.7263920903205872},"size":0.21539606153964997,"orthographic":false}