{"cameraMode":{"drawMode":0,"name":"Shaded","section":"Shading Mode"},"sceneLighting":false,"audioPlay":false,"sceneViewState":{"m_AlwaysRefresh":false,"showFog":true,"showSkybox":false,"showFlares":true,"showImageEffects":true,"showParticleSystems":true,"showVisualEffectGraphs":true,"m_FxEnabled":true},"in2DMode":false,"pivot":{"x":-0.005906060338020325,"y":0.115408755838871,"z":0.07263515889644623},"rotation":{"x":0.11712269484996796,"y":-0.7715323567390442,"z":0.1487816721200943,"w":0.6073632836341858},"size":0.1799386888742447,"orthographic":false}