{"cameraMode":{"drawMode":0,"name":"Shaded","section":"Shading Mode"},"sceneLighting":false,"audioPlay":false,"sceneViewState":{"m_AlwaysRefresh":false,"showFog":true,"showSkybox":false,"showFlares":true,"showImageEffects":true,"showParticleSystems":true,"showVisualEffectGraphs":true,"m_FxEnabled":true},"in2DMode":false,"pivot":{"x":-0.8878142833709717,"y":1.0232502222061158,"z":-1.2972749471664429},"rotation":{"x":-0.02224779687821865,"y":-0.9774083495140076,"z":0.16124586760997773,"w":-0.13485094904899598},"size":0.12355339527130127,"orthographic":false}