{"cameraMode":{"drawMode":0,"name":"Shaded","section":"Shading Mode"},"sceneLighting":false,"audioPlay":false,"sceneViewState":{"m_AlwaysRefresh":false,"showFog":true,"showSkybox":false,"showFlares":true,"showImageEffects":true,"showParticleSystems":true,"showVisualEffectGraphs":true,"m_FxEnabled":true},"in2DMode":false,"pivot":{"x":-0.013510197401046753,"y":0.5927696824073792,"z":-0.18276549875736237},"rotation":{"x":0.034576475620269778,"y":-0.8340389132499695,"z":0.052614014595746997,"w":0.5481038093566895},"size":0.17719268798828126,"orthographic":false}