{"cameraMode":{"drawMode":0,"name":"Shaded","section":"Shading Mode"},"sceneLighting":false,"audioPlay":false,"sceneViewState":{"m_AlwaysRefresh":false,"showFog":true,"showSkybox":false,"showFlares":true,"showImageEffects":true,"showParticleSystems":true,"showVisualEffectGraphs":true,"m_FxEnabled":true},"in2DMode":false,"pivot":{"x":0.0704033374786377,"y":0.5252494812011719,"z":-0.22516748309135438},"rotation":{"x":-0.1648598164319992,"y":-0.7265291810035706,"z":-0.18706341087818147,"w":0.6403051614761353},"size":0.15907788276672364,"orthographic":false}