{"cameraMode":{"drawMode":0,"name":"Shaded","section":"Shading Mode"},"sceneLighting":false,"audioPlay":false,"sceneViewState":{"m_AlwaysRefresh":false,"showFog":true,"showSkybox":false,"showFlares":true,"showImageEffects":true,"showParticleSystems":true,"showVisualEffectGraphs":true,"m_FxEnabled":true},"in2DMode":false,"pivot":{"x":0.44323790073394778,"y":0.8634111285209656,"z":-1.0741257667541505},"rotation":{"x":-0.16446326673030854,"y":-0.3708672821521759,"z":-0.06691235303878784,"w":0.911556601524353},"size":0.16506384313106538,"orthographic":false}