{"cameraMode":{"drawMode":0,"name":"Shaded","section":"Shading Mode"},"sceneLighting":false,"audioPlay":false,"sceneViewState":{"m_AlwaysRefresh":false,"showFog":true,"showSkybox":false,"showFlares":true,"showImageEffects":true,"showParticleSystems":true,"showVisualEffectGraphs":true,"m_FxEnabled":true},"in2DMode":false,"pivot":{"x":0.38809776306152346,"y":0.8378297686576843,"z":-1.1158838272094727},"rotation":{"x":0.1573139876127243,"y":-0.11172793060541153,"z":0.01791602373123169,"w":0.9810444712638855},"size":0.15295691788196565,"orthographic":false}