{"cameraMode":{"drawMode":0,"name":"Shaded","section":"Shading Mode"},"sceneLighting":false,"audioPlay":false,"sceneViewState":{"m_AlwaysRefresh":false,"showFog":true,"showSkybox":false,"showFlares":true,"showImageEffects":true,"showParticleSystems":true,"showVisualEffectGraphs":true,"m_FxEnabled":true},"in2DMode":false,"pivot":{"x":0.11145428568124771,"y":0.8373106718063355,"z":-0.02289104461669922},"rotation":{"x":0.000533377577085048,"y":0.9868552088737488,"z":-0.16159722208976746,"w":0.003257275791838765},"size":1.2911955118179322,"orthographic":false}