{"cameraMode":{"drawMode":0,"name":"Shaded","section":"Shading Mode"},"sceneLighting":false,"audioPlay":false,"sceneViewState":{"m_AlwaysRefresh":false,"showFog":true,"showSkybox":false,"showFlares":true,"showImageEffects":true,"showParticleSystems":true,"showVisualEffectGraphs":true,"m_FxEnabled":true},"in2DMode":false,"pivot":{"x":2.242520332336426,"y":1.8644580841064454,"z":-2.8888120651245119},"rotation":{"x":-0.09584499150514603,"y":0.014000868424773217,"z":-0.00133554358035326,"w":-0.995311439037323},"size":24.514217376708986,"orthographic":true}