{"cameraMode":{"drawMode":0,"name":"Shaded","section":"Shading Mode"},"sceneLighting":false,"audioPlay":false,"sceneViewState":{"m_AlwaysRefresh":false,"showFog":true,"showSkybox":false,"showFlares":true,"showImageEffects":true,"showParticleSystems":true,"showVisualEffectGraphs":true,"m_FxEnabled":true},"in2DMode":false,"pivot":{"x":-0.5143002271652222,"y":0.7382128238677979,"z":-0.9900743961334229},"rotation":{"x":-0.04330779239535332,"y":0.8329413533210754,"z":-0.06585239619016648,"w":-0.5477450489997864},"size":0.046120088547468188,"orthographic":false}