{"cameraMode":{"drawMode":0,"name":"Shaded","section":"Shading Mode"},"sceneLighting":false,"audioPlay":false,"sceneViewState":{"m_AlwaysRefresh":false,"showFog":true,"showSkybox":false,"showFlares":true,"showImageEffects":true,"showParticleSystems":true,"showVisualEffectGraphs":true,"m_FxEnabled":true},"in2DMode":false,"pivot":{"x":-0.15600000321865083,"y":1.0499999523162842,"z":-0.24400000274181367},"rotation":{"x":0.06279158592224121,"y":0.9291684031486511,"z":-0.18641814589500428,"w":0.31297582387924197},"size":0.08660252392292023,"orthographic":false}