{"cameraMode":{"drawMode":0,"name":"Shaded","section":"Shading Mode"},"sceneLighting":false,"audioPlay":false,"sceneViewState":{"m_AlwaysRefresh":false,"showFog":true,"showSkybox":false,"showFlares":true,"showImageEffects":true,"showParticleSystems":true,"showVisualEffectGraphs":true,"m_FxEnabled":true},"in2DMode":false,"pivot":{"x":-0.0594308078289032,"y":0.8363903760910034,"z":-1.226080060005188},"rotation":{"x":0.12622614204883576,"y":-0.7041732668876648,"z":0.1294603794813156,"w":0.6866381168365479},"size":0.14376793801784516,"orthographic":false}