{"cameraMode":{"drawMode":0,"name":"Shaded","section":"Shading Mode"},"sceneLighting":false,"audioPlay":false,"sceneViewState":{"m_AlwaysRefresh":false,"showFog":true,"showSkybox":false,"showFlares":true,"showImageEffects":true,"showParticleSystems":true,"showVisualEffectGraphs":true,"m_FxEnabled":true},"in2DMode":false,"pivot":{"x":-0.03860586881637573,"y":0.8554381728172302,"z":-0.9483929872512817},"rotation":{"x":0.11332796514034271,"y":-0.3580191433429718,"z":0.04383451119065285,"w":0.925785481929779},"size":0.25295424461364748,"orthographic":false}