{"cameraMode":{"drawMode":0,"name":"Shaded","section":"Shading Mode"},"sceneLighting":false,"audioPlay":false,"sceneViewState":{"m_AlwaysRefresh":false,"showFog":true,"showSkybox":false,"showFlares":true,"showImageEffects":true,"showParticleSystems":true,"showVisualEffectGraphs":true,"m_FxEnabled":true},"in2DMode":false,"pivot":{"x":0.24294140934944154,"y":0.8294865489006043,"z":-1.2162895202636719},"rotation":{"x":-0.01602286659181118,"y":-0.1434914916753769,"z":-0.002318572485819459,"w":0.9895292520523071},"size":0.1370963454246521,"orthographic":false}