{"cameraMode":{"drawMode":0,"name":"Shaded","section":"Shading Mode"},"sceneLighting":false,"audioPlay":false,"sceneViewState":{"m_AlwaysRefresh":false,"showFog":true,"showSkybox":false,"showFlares":true,"showImageEffects":true,"showParticleSystems":true,"showVisualEffectGraphs":true,"m_FxEnabled":true},"in2DMode":false,"pivot":{"x":-0.14644479751586915,"y":0.2814299762248993,"z":-0.6496498584747315},"rotation":{"x":0.3576279282569885,"y":-0.5265934467315674,"z":0.25926581025123598,"w":0.7263920903205872},"size":0.1761833280324936,"orthographic":false}