{"cameraMode":{"drawMode":0,"name":"Shaded","section":"Shading Mode"},"sceneLighting":true,"audioPlay":false,"sceneViewState":{"m_AlwaysRefresh":false,"showFog":true,"showSkybox":true,"showFlares":true,"showImageEffects":true,"showParticleSystems":true,"showVisualEffectGraphs":true,"m_FxEnabled":true},"in2DMode":false,"pivot":{"x":4.469907283782959,"y":0.39659827947616579,"z":1.8303064107894898},"rotation":{"x":0.08077378571033478,"y":0.269532710313797,"z":-0.022694114595651628,"w":0.9593299627304077},"size":1.920472502708435,"orthographic":false}