{"cameraMode":{"drawMode":0,"name":"Shaded","section":"Shading Mode"},"sceneLighting":true,"audioPlay":false,"sceneViewState":{"m_AlwaysRefresh":false,"showFog":true,"showSkybox":true,"showFlares":true,"showImageEffects":true,"showParticleSystems":true,"showVisualEffectGraphs":true,"m_FxEnabled":true},"in2DMode":false,"pivot":{"x":-0.15533900260925294,"y":-0.356784462928772,"z":0.661707878112793},"rotation":{"x":0.07700567692518234,"y":-0.9074024558067322,"z":0.19056059420108796,"w":0.36666637659072878},"size":2.294179677963257,"orthographic":false}