{"cameraMode":{"drawMode":0,"name":"Shaded","section":"Shading Mode"},"sceneLighting":true,"audioPlay":false,"sceneViewState":{"m_AlwaysRefresh":false,"showFog":true,"showSkybox":true,"showFlares":true,"showImageEffects":true,"showParticleSystems":true,"showVisualEffectGraphs":true,"m_FxEnabled":true},"in2DMode":false,"pivot":{"x":2.3946831226348879,"y":1.125645399093628,"z":3.429487705230713},"rotation":{"x":-0.01923312246799469,"y":0.7773380279541016,"z":0.023796148598194124,"w":0.628341794013977},"size":0.22731497883796693,"orthographic":false}