{"cameraMode":{"drawMode":0,"name":"Shaded","section":"Shading Mode"},"sceneLighting":true,"audioPlay":false,"sceneViewState":{"m_AlwaysRefresh":false,"showFog":true,"showSkybox":true,"showFlares":true,"showImageEffects":true,"showParticleSystems":true,"showVisualEffectGraphs":true,"m_FxEnabled":true},"in2DMode":false,"pivot":{"x":2.2635529041290285,"y":1.1900489330291749,"z":3.3361730575561525},"rotation":{"x":-0.013529570773243904,"y":0.8257792592048645,"z":-0.01982002519071102,"w":-0.5635000467300415},"size":0.4441465735435486,"orthographic":false}