{"cameraMode":{"drawMode":0,"name":"Shaded","section":"Shading Mode"},"sceneLighting":false,"audioPlay":false,"sceneViewState":{"m_AlwaysRefresh":false,"showFog":true,"showSkybox":false,"showFlares":true,"showImageEffects":true,"showParticleSystems":true,"showVisualEffectGraphs":true,"m_FxEnabled":true},"in2DMode":false,"pivot":{"x":-0.001999996602535248,"y":0.8870301246643066,"z":-1.114762544631958},"rotation":{"x":0.09055206179618836,"y":-0.8998194932937622,"z":0.22449791431427003,"w":0.36294904351234438},"size":0.14888665080070496,"orthographic":false}