{"cameraMode":{"drawMode":0,"name":"Shaded","section":"Shading Mode"},"sceneLighting":false,"audioPlay":false,"sceneViewState":{"m_AlwaysRefresh":false,"showFog":true,"showSkybox":false,"showFlares":true,"showImageEffects":true,"showParticleSystems":true,"showVisualEffectGraphs":true,"m_FxEnabled":true},"in2DMode":false,"pivot":{"x":0.22338846325874329,"y":0.9340736865997315,"z":-1.3979562520980836},"rotation":{"x":-0.0749075785279274,"y":0.8956524729728699,"z":-0.16520078480243684,"w":-0.4061148762702942},"size":0.1485285758972168,"orthographic":false}