{"cameraMode":{"drawMode":0,"name":"Shaded","section":"Shading Mode"},"sceneLighting":true,"audioPlay":false,"sceneViewState":{"m_AlwaysRefresh":false,"showFog":true,"showSkybox":true,"showFlares":true,"showImageEffects":true,"showParticleSystems":true,"showVisualEffectGraphs":true,"m_FxEnabled":true},"in2DMode":false,"pivot":{"x":2.086104393005371,"y":1.4311244487762452,"z":3.0519392490386965},"rotation":{"x":-0.055553000420331958,"y":-0.7829527258872986,"z":0.07065635919570923,"w":-0.6155796647071838},"size":1.1901352405548096,"orthographic":true}