{"cameraMode":{"drawMode":0,"name":"Shaded","section":"Shading Mode"},"sceneLighting":true,"audioPlay":false,"sceneViewState":{"m_AlwaysRefresh":false,"showFog":true,"showSkybox":true,"showFlares":true,"showImageEffects":true,"showParticleSystems":true,"showVisualEffectGraphs":true,"m_FxEnabled":true},"in2DMode":false,"pivot":{"x":1.6264399290084839,"y":2.0670177936553957,"z":3.415814161300659},"rotation":{"x":0.007502250373363495,"y":0.6996101140975952,"z":-0.007345767691731453,"w":0.7144586443901062},"size":0.8990902304649353,"orthographic":true}