{"cameraMode":{"drawMode":0,"name":"Shaded","section":"Shading Mode"},"sceneLighting":true,"audioPlay":false,"sceneViewState":{"m_AlwaysRefresh":false,"showFog":true,"showSkybox":true,"showFlares":true,"showImageEffects":true,"showParticleSystems":true,"showVisualEffectGraphs":true,"m_FxEnabled":true},"in2DMode":false,"pivot":{"x":2.116999864578247,"y":1.3423960208892823,"z":3.509575605392456},"rotation":{"x":-0.03769557550549507,"y":0.49814295768737795,"z":-0.021683581173419954,"w":-0.8660221099853516},"size":0.4262438714504242,"orthographic":true}