{"cameraMode":{"drawMode":0,"name":"Shaded","section":"Shading Mode"},"sceneLighting":true,"audioPlay":false,"sceneViewState":{"m_AlwaysRefresh":false,"showFog":true,"showSkybox":true,"showFlares":true,"showImageEffects":true,"showParticleSystems":true,"showVisualEffectGraphs":true,"m_FxEnabled":true},"in2DMode":false,"pivot":{"x":2.2077248096466066,"y":1.2237755060195923,"z":3.9683122634887697},"rotation":{"x":0.25197920203208926,"y":-0.7399065494537354,"z":0.37289249897003176,"w":0.5000268220901489},"size":0.6854131817817688,"orthographic":false}