{"cameraMode":{"drawMode":0,"name":"Shaded","section":"Shading Mode"},"sceneLighting":true,"audioPlay":false,"sceneViewState":{"m_AlwaysRefresh":false,"showFog":true,"showSkybox":true,"showFlares":true,"showImageEffects":true,"showParticleSystems":true,"showVisualEffectGraphs":true,"m_FxEnabled":true},"in2DMode":false,"pivot":{"x":2.509427070617676,"y":1.1625922918319703,"z":3.5100996494293215},"rotation":{"x":0.041179414838552478,"y":-0.6898972988128662,"z":0.03936668857932091,"w":0.7216627597808838},"size":0.8796893358230591,"orthographic":true}