{"cameraMode":{"drawMode":0,"name":"Shaded","section":"Shading Mode"},"sceneLighting":true,"audioPlay":false,"sceneViewState":{"m_AlwaysRefresh":false,"showFog":true,"showSkybox":true,"showFlares":true,"showImageEffects":true,"showParticleSystems":true,"showVisualEffectGraphs":true,"m_FxEnabled":true},"in2DMode":false,"pivot":{"x":-1.2380332946777344,"y":1.2608842849731446,"z":-1.033703088760376},"rotation":{"x":0.025583796203136445,"y":-0.9559859037399292,"z":0.08771796524524689,"w":0.2788311243057251},"size":0.8792955279350281,"orthographic":false}