{"cameraMode":{"drawMode":0,"name":"Shaded","section":"Shading Mode"},"sceneLighting":false,"audioPlay":false,"sceneViewState":{"m_AlwaysRefresh":false,"showFog":true,"showSkybox":false,"showFlares":true,"showImageEffects":true,"showParticleSystems":true,"showVisualEffectGraphs":true,"m_FxEnabled":true},"in2DMode":false,"pivot":{"x":-0.02423255890607834,"y":0.014714956283569336,"z":-0.023489385843276979},"rotation":{"x":0.020991967990994455,"y":0.905616044998169,"z":-0.42116880416870119,"w":0.04513769596815109},"size":0.1132054254412651,"orthographic":false}