{"cameraMode":{"drawMode":0,"name":"Shaded","section":"Shading Mode"},"sceneLighting":false,"audioPlay":false,"sceneViewState":{"m_AlwaysRefresh":false,"showFog":true,"showSkybox":false,"showFlares":true,"showImageEffects":true,"showParticleSystems":true,"showVisualEffectGraphs":true,"m_FxEnabled":true},"in2DMode":false,"pivot":{"x":0.4227892756462097,"y":0.5032074451446533,"z":0.3232627213001251},"rotation":{"x":-0.4736454486846924,"y":-0.01586347632110119,"z":0.008523799479007721,"w":-0.8805573582649231},"size":0.13163162767887116,"orthographic":true}