{"cameraMode":{"drawMode":0,"name":"Shaded","section":"Shading Mode"},"sceneLighting":false,"audioPlay":false,"sceneViewState":{"m_AlwaysRefresh":false,"showFog":true,"showSkybox":false,"showFlares":true,"showImageEffects":true,"showParticleSystems":true,"showVisualEffectGraphs":true,"m_FxEnabled":true},"in2DMode":false,"pivot":{"x":0.06362461298704148,"y":1.124064564704895,"z":-1.018481731414795},"rotation":{"x":0.16740049421787263,"y":-0.36792996525764468,"z":0.06752239167690277,"w":0.9121659398078919},"size":0.06298942118883133,"orthographic":false}