{"cameraMode":{"drawMode":0,"name":"Shaded","section":"Shading Mode"},"sceneLighting":false,"audioPlay":false,"sceneViewState":{"m_AlwaysRefresh":false,"showFog":true,"showSkybox":false,"showFlares":true,"showImageEffects":true,"showParticleSystems":true,"showVisualEffectGraphs":true,"m_FxEnabled":true},"in2DMode":false,"pivot":{"x":0.6658167839050293,"y":0.5538110136985779,"z":0.3058343231678009},"rotation":{"x":-0.17785665392875672,"y":0.26922163367271426,"z":-0.05066622793674469,"w":-0.945172905921936},"size":0.13163162767887116,"orthographic":true}