{"cameraMode":{"drawMode":0,"name":"Shaded","section":"Shading Mode"},"sceneLighting":false,"audioPlay":false,"sceneViewState":{"m_AlwaysRefresh":false,"showFog":true,"showSkybox":false,"showFlares":true,"showImageEffects":true,"showParticleSystems":true,"showVisualEffectGraphs":true,"m_FxEnabled":true},"in2DMode":false,"pivot":{"x":0.07993483543395996,"y":-0.0827227309346199,"z":0.07798632979393006},"rotation":{"x":0.12181208282709122,"y":0.6057829260826111,"z":-0.09453659504652024,"w":0.7805491089820862},"size":0.17322582006454469,"orthographic":false}