{"cameraMode":{"drawMode":0,"name":"Shaded","section":"Shading Mode"},"sceneLighting":false,"audioPlay":false,"sceneViewState":{"m_AlwaysRefresh":false,"showFog":true,"showSkybox":false,"showFlares":true,"showImageEffects":true,"showParticleSystems":true,"showVisualEffectGraphs":true,"m_FxEnabled":true},"in2DMode":false,"pivot":{"x":0.013778960332274437,"y":-0.11804381012916565,"z":0.14217419922351838},"rotation":{"x":0.020991967990994455,"y":0.905616044998169,"z":-0.42116880416870119,"w":0.04513769596815109},"size":0.4215736389160156,"orthographic":false}