{"cameraMode":{"drawMode":0,"name":"Shaded","section":"Shading Mode"},"sceneLighting":false,"audioPlay":false,"sceneViewState":{"m_AlwaysRefresh":false,"showFog":true,"showSkybox":false,"showFlares":true,"showImageEffects":true,"showParticleSystems":true,"showVisualEffectGraphs":true,"m_FxEnabled":true},"in2DMode":false,"pivot":{"x":0.4263622760772705,"y":0.21216805279254914,"z":-0.7730479836463928},"rotation":{"x":0.3576279282569885,"y":-0.5265934467315674,"z":0.25926581025123598,"w":0.7263920903205872},"size":0.02810862474143505,"orthographic":false}